Model,Accuracy,AUC-ROC
Logistic Regression,0.8333333333333334,0.9229910714285714
SVM,0.8166666666666667,0.9107142857142857
Neural Network,0.8333333333333334,0.9397321428571428
